{
  "os_name": "CyberOS",
  "version": "0.1.0",
  "base_distro": "ubuntu",
  "base_version": "22.04",
  "desktop_environment": "custom_gtk",
  "default_theme": "dark",
  
  "system_configuration": {
    "kernel_hardening": true,
    "selinux_enabled": true,
    "default_firewall": "ufw",
    "password_policy": {
      "min_length": 12,
      "require_special_chars": true,
      "require_numbers": true,
      "require_uppercase": true,
      "max_age_days": 90
    }
  },
  
  "security_tools": {
    "categories": [
      "network_analysis",
      "vulnerability_scanning",
      "web_security",
      "forensics",
      "cryptography"
    ],
    "essential_tools": [
      "nmap",
      "wireshark",
      "metasploit",
      "burpsuite",
      "aircrack-ng",
      "sqlmap",
      "nikto",
      "hydra",
      "john",
      "hashcat"
    ]
  },
  
  "development_environment": {
    "languages": [
      "python",
      "c",
      "cpp",
      "rust",
      "go",
      "javascript"
    ],
    "ide_features": [
      "syntax_highlighting",
      "code_completion",
      "debugging",
      "version_control",
      "terminal_integration"
    ],
    "default_terminal": "zsh"
  },
  
  "ui_configuration": {
    "color_scheme": {
      "primary": "#1A1A2E",
      "secondary": "#16213E",
      "accent": "#0F3460",
      "highlight": "#E94560",
      "text_primary": "#F5F5F5",
      "text_secondary": "#AAAAAA"
    },
    "font_family": "Source Code Pro",
    "icon_theme": "cyber-icons",
    "window_manager": "custom_wm",
    "effects": {
      "transparency": true,
      "animations": true,
      "rounded_corners": true
    }
  },
  
  "dashboard_widgets": [
    "system_monitor",
    "network_monitor",
    "security_status",
    "threat_intelligence",
    "resource_usage"
  ],

  "network_configuration": {
    "default_vpn": "wireguard",
    "tor_integration": true,
    "secure_dns": "1.1.1.1"
  }
}
